Region,Site,Latitude,Longitude,Date,Season,Band_number,Alpha,Age_class,Eye_fleck,Sex,Bander,Mass,Wing,Tail,Toe,Tarsus,Max_tarsus,Culmen,Head_bill,Bill_depth,Bill_width,Bill_tip
British Columbia,Salish Sea,49.44,-123.72,2019-02-28,0,7050,CA,ASY,2a,F,LW,649,250,,,,65.55,80.6,125.5,13.4,9.3,
British Columbia,Salish Sea,49.42,-123.64,2019-02-28,0,7049,EK,ASY,2c,F,LW,569,255,100,,55.17,65.17,67,113.76,12.7,8.4,
British Columbia,Salish Sea,49.44,-123.72,2019-03-01,0,7047,HH,SY,3c,M,LW,558,234,90,43,53.75,65.6,69.35,113.5,13,9.47,5.12
British Columbia,Salish Sea,49.44,-123.72,2019-03-01,0,7048,JT,ASY,1a,M,LW,657,253,105,43,51.65,62.64,77.9,122.7,13.2,8.8,4.2
British Columbia,Salish Sea,49.44,-123.72,2019-03-01,0,7046,KY,ASY,1c,M,LW,595,247,95,42,50.9,63.52,67.3,110.95,12.4,9.6,4.9
British Columbia,Salish Sea,49.42,-123.64,2019-03-01,0,7045,JJ,ASY,3a,F,LW,595,249,99,43,53.23,66.19,72.23,115.2,12.1,8.27,4.94
British Columbia,Pacific Rim,49.17,-125.88,2019-03-08,0,7044,JK,SY,3c,M,LW,591,246,92,44,55.48,,75.28,120.29,12.13,9.56,5.53
British Columbia,Pacific Rim,48.93,-125.38,2019-03-09,0,7041,EJ,ASY,3b,F,LW,590,251,97,45,52.68,65.87,78.95,123.67,12.87,9,5.34
British Columbia,Pacific Rim,48.93,-125.38,2019-03-09,0,7042,KT,ASY,2c,F,LW,655,252,102,47,53.89,68.1,79.5,127.15,13.29,9.72,5.21
British Columbia,Pacific Rim,48.92,-125.48,2019-03-09,0,7043,HT,ASY,2c,F,LW,622,254,105,45,54.2,65.55,76.88,121.27,12.88,8.84,5.58
British Columbia,Pacific Rim,48.86,-125.16,2019-03-10,0,7040,EE,ASY,2c,F,LW,575,258,105,46,52.26,66.94,79.18,123.1,12.4,8.76,4.26
British Columbia,Pacific Rim,48.86,-125.16,2019-03-10,0,7036,EX,ASY,1a,M,LW,555,251,98,44,49.97,62.5,68.25,111.7,11.89,9,5.02
British Columbia,Pacific Rim,48.86,-125.16,2019-03-10,0,7039,HP,ASY,2c,F,LW,590,254,97,45,56.02,67.86,77.86,123.07,12.89,9.22,6.06
British Columbia,Pacific Rim,48.86,-125.16,2019-03-10,0,7038,JN,ASY,2c,F,LW,630,258,101,47,56.36,68.45,78.15,122.59,13.44,9.44,5.56
British Columbia,Pacific Rim,48.86,-125.16,2019-03-10,0,7037,KR,ASY,2c,F,LW,605,252,97,44,53.82,66.11,74.74,119.17,12.52,9.64,4.74
British Columbia,Pacific Rim,49.07,-125.78,2019-03-11,0,7035,CC,ASY,1c,M,LW,530,249,95,44,53.3,65.5,,125.5,12.6,9.9,5
British Columbia,Pacific Rim,48.89,-125.3,2019-03-12,0,7033,CK,ASY,2c,F,LW,610,256,102,46,52.5,62.1,72.05,121.1,13.1,9.7,5.5
British Columbia,Pacific Rim,48.89,-125.3,2019-03-12,0,7034,KJ,ASY,3a,F,LW,570,259,110,47,55.1,67.3,81.9,130,13,9,5.3
British Columbia,Pacific Rim,49.07,-125.78,2019-03-13,0,7032,JX,ASY,2c,M,LW,580,250,100,45,51.9,65.9,76.7,119.3,12,8.4,5.7
British Columbia,Pacific Rim,49.07,-125.78,2019-03-13,0,7031,KK,ASY,3b,F,LW,717,247,99,44,52.1,65.7,75.7,123.5,12.9,9.2,5.6
British Columbia,Haida Gwaii,53.63,-132.31,2019-03-21,0,7030,JY,ASY,1c,F,LW,665,253,97,45,54.5,64.9,83.9,127.8,12.72,8.91,3.8
British Columbia,Haida Gwaii,53.68,-132.36,2019-03-22,0,7029,KP,ASY,1a,M,LW,570,250,103,40,47.2,58.5,64.3,110.2,11.1,7.81,5
British Columbia,Haida Gwaii,53.62,-132.33,2019-03-22,0,7028,HE,ASY,"2c, 3a",F,LW,650,258,100,45,54.55,64.9,74.35,119,12.35,9.35,4.9
British Columbia,Haida Gwaii,53.62,-132.33,2019-03-23,0,7025,CX,ASY,2c,M,LW,565,251,95,42,50.03,58.29,67.4,111.25,11.39,8,5.1
British Columbia,Haida Gwaii,53.62,-132.33,2019-03-23,0,7027,JR,ASY,1a,M,LW,555,247,100,44,50.95,57.71,66.85,109.82,12.05,8.2,4.8
British Columbia,Haida Gwaii,53.62,-132.33,2019-03-23,0,7026,KX,ASY,2b,F,LW,635,268,110,45,52.3,64.8,77.45,120.9,12.1,9.01,4.5
British Columbia,Haida Gwaii,53.62,-132.33,2019-03-24,0,7024,EU,ASY,"3a, 3b",F,LW,620,261,109,45,53.45,65.1,82.2,125.62,12.89,8.19,4.8
British Columbia,Haida Gwaii,53.21,-132.15,2019-03-25,0,7023,HJ,ASY,"1c, 2a",F,LW,547,257,101,42,53.5,63.65,76.5,121.46,11.64,8.41,4.4
British Columbia,Haida Gwaii,53.21,-132.24,2019-03-25,0,7021,JP,ASY,"1a, 1b",M,LW,692,249,102,47,54.2,64.2,68.3,112.89,12.31,8.92,5.5
British Columbia,Haida Gwaii,53.21,-132.24,2019-03-25,0,7020,JU,ASY,3b,F,LW,712,251,110,44,54,65.12,78.64,124.86,12.65,8.3,5.5
British Columbia,Haida Gwaii,53.21,-132.24,2019-03-25,0,7022,KA,ASY,3b,F,LW,657,265,104,45,53.3,63.95,83.51,127.63,12.43,9.2,4.5
British Columbia,Haida Gwaii,53.22,-132.01,2019-03-26,0,1051,CR,ASY,"2c, 3a",F,LW,602,257,100,48,55.2,65.7,77.65,125.5,13,8.95,6.23
British Columbia,Haida Gwaii,53.22,-132.01,2019-03-26,0,7019,ET,ASY,1a,M,LW,572,248,98,44,49.9,62.1,69,112.9,11.8,9.05,5.2
British Columbia,Haida Gwaii,53.17,-132.11,2019-03-26,0,7017,CJ,ASY,1c,M,LW,630,247,112,45,50.6,61.2,66.66,108.9,12.05,8.45,5.5
British Columbia,Haida Gwaii,53.17,-132.11,2019-03-26,0,7015,CP,ASY,2c,M,LW,615,256,97,45,54.6,65.73,72.5,116,12.29,8.32,5.25
British Columbia,Haida Gwaii,53.17,-132.11,2019-03-26,0,7014,EN,ASY,3a,F,LW,610,248,102,45,52.4,63.19,75.35,119.8,12.14,8.5,5.69
British Columbia,Haida Gwaii,53.17,-132.11,2019-03-26,0,7013,HX,ASY,1a,M,LW,650,237,101,42,49.5,59.4,69.12,114.05,12,9.4,5.85
British Columbia,Haida Gwaii,53.17,-132.11,2019-03-26,0,7016,KC,ASY,3a,F,LW,690,264,105,50,57.9,68.1,79.9,127.3,12.8,9.25,5
British Columbia,Haida Gwaii,53.23,-132.16,2019-03-27,0,7012,EA,ASY,1a,M,LW,576,245,102,46,51.4,61.35,69.1,113.6,11.55,7.7,5.2
British Columbia,Haida Gwaii,53.23,-132.16,2019-03-27,0,7018,JC,ASY,2a,F,LW,603,252,96,46,56.82,67.5,77.35,122,12.2,8.5,4.65
British Columbia,Haida Gwaii,53.24,-132.15,2019-03-28,0,7009,CT,ASY,"2b, 2c",F,LW,650,259,107,47,55.8,66.45,74.7,119.8,12.45,9.4,4.1
British Columbia,Haida Gwaii,53.24,-132.15,2019-03-28,0,7011,EC,ASY,1b,M,LW,602,243,96,46,53.5,63.3,74.55,118.2,11.25,8.6,4.4
British Columbia,Haida Gwaii,53.24,-132.15,2019-03-28,0,7010,HU,ASY,"1a, 1c",M,LW,585,250,106,45,50.3,61.4,74.45,118.4,11.85,9.32,4.2
Alaska,W Prince William Sound,59.93,-148.08,2019-06-02,1,9149,EY,ASY,2b,M,LW,532,246,94,41,47.95,59,65.15,108.5,12,8.8,4.1
Alaska,W Prince William Sound,59.93,-148.08,2019-06-02,1,9150,JA,ASY,2c,F,LW,651,262,,46,55.15,64.8,78.4,120.1,12.58,9.32,5.5
Alaska,W Prince William Sound,59.12,-148.07,2019-06-02,1,9148,KE,ASY,1c,M,LW,596,245,96,46,53.3,62.5,64.95,109.9,12.4,8,5.44
Alaska,W Prince William Sound,60.15,-147.98,2019-06-03,1,9161,NA,ASY,1a,M,LW,563,250,102,46,53.3,63.9,73,118.3,12.35,8.72,5.2
Alaska,W Prince William Sound,60.15,-147.98,2019-06-03,1,9164,NU,ASY,1b,M,LW,582,256,102,44,52.95,61.9,69.4,112.2,12.05,9.1,4.98
Alaska,W Prince William Sound,60.15,-147.98,2019-06-03,1,9162,PP,ASY,3b,F,LW,663,242,104,44,52.95,63.2,75.45,118.8,11.85,9.1,4.85
Alaska,W Prince William Sound,60.15,-147.98,2019-06-03,1,9163,RJ,ASY,3a,F,LW,537,241,99,46,52.8,63.5,74.95,120.3,11.68,8.55,5.55
Alaska,W Prince William Sound,60.23,-148.26,2019-06-04,1,9167,PT,ASY,1b,M,LW,582,245,100,45,51.75,62.6,70.4,115.1,11.7,8.5,4.4
Alaska,W Prince William Sound,60.23,-148.26,2019-06-04,1,9168,RC,ASY,3a,F,LW,702,252,106,45,54.9,67,77,122.9,12.7,9,4.5
Alaska,W Prince William Sound,60.21,-148.29,2019-06-04,1,9165,EH,ASY,1a,M,LW,583,261,110,46,52.4,62.1,71.5,117,12.2,9.05,5.45
Alaska,W Prince William Sound,60.21,-148.29,2019-06-04,1,9166,RK,ASY,3a,F,LW,622,260,108,45,56,66.5,77.7,121.6,12.2,7.9,4.63
Alaska,W Prince William Sound,60.35,-147.85,2019-06-05,1,9170,NJ,ASY,2b,F,LW,559,242,97,44,53.6,64.2,76,118.7,12.1,8.75,5.18
Alaska,W Prince William Sound,60.35,-147.85,2019-06-05,1,9171,PK,ASY,2c,F,LW,538,238,93,44,53,62.4,74.1,117.7,12,8.75,5.2
Alaska,W Prince William Sound,60.35,-147.85,2019-06-05,1,9172,RA,ASY,1b,M,LW,588,246,98,46,53.1,61.4,72.3,115.5,12.1,8.6,3.74
Alaska,W Prince William Sound,60.34,-147.88,2019-06-05,1,9169,RY,ASY,2c,F,LW,604,253,103,44,55.6,65.3,74.9,119.7,11.1,8.2,4.85
Alaska,W Prince William Sound,60.35,-147.83,2019-06-06,1,9173,JE,ASY,3a,F,LW,613,247,102,46,53.5,63.6,75.5,118.6,12,7.7,4.85
Alaska,W Prince William Sound,60.35,-147.83,2019-06-06,1,9174,KU,ASY,1c,M,LW,589,258,101,43,50.1,59.8,68.7,112.2,12,8.95,4.5
Alaska,W Prince William Sound,60.46,-147.71,2019-06-07,1,9177,PA,ASY,1b,M,LW,541,250,100,42,52.8,61.7,71.9,113.9,12.15,9.15,4.5
Alaska,W Prince William Sound,60.45,-147.72,2019-06-07,1,9176,NH,ASY,"2a, 2c",M,LW,551,245,100,44,52.8,61,70,112.3,11.6,9,4.85
Alaska,W Prince William Sound,60.44,-147.74,2019-06-07,1,9175,CU,ASY,3b,F,LW,602,258,102,45,53.9,63.95,75.3,119,12.3,9.5,5.1
Alaska,Kenai Fjords,59.85,-149.66,2019-06-12,1,72281,RT,ASY,3a,F,LW,603,261,104,47,53.1,63.2,74.85,119.1,12.1,9.4,3.87
Alaska,Kenai Fjords,59.83,-149.66,2019-06-12,1,9178,RE,ASY,1a,M,LW,562,246,99,44,51.3,62.4,65.6,109.9,12.2,8.5,4.75
Alaska,Kenai Fjords,59.82,-149.64,2019-06-12,1,9180,KN,ASY,3a,F,LW,625,249,103,42,50.6,61.2,78.3,119.7,11.9,8.2,4.65
Alaska,Kenai Fjords,59.82,-149.64,2019-06-12,1,9179,PX,ASY,1b,M,LW,586,244,98,46,52.5,61.5,69.1,113.3,12,9.6,4.65
Alaska,Kenai Fjords,59.78,-150.04,2019-06-13,1,72284,NT,ASY,1c,M,LW,593,259,100,44,52,60,69.5,114.4,12,8.5,5
Alaska,Kenai Fjords,59.78,-150.04,2019-06-13,1,72285,RR,ASY,"2c, 3a",F,LW,577,259,105,44,51.6,59.7,75.4,117.2,11.7,8.5,4.8
Alaska,Kenai Fjords,59.77,-150.06,2019-06-13,1,72287,HR,ASY,1c,M,LW,571,247,103,43,51.8,61.5,69.2,112.1,11.9,9.5,4.9
Alaska,Kenai Fjords,59.77,-150.06,2019-06-13,1,72286,HY,ASY,3a,F,LW,562,256,109,46,52,61,72.5,116.5,11.7,8.2,5.1
Alaska,Kenai Fjords,59.75,-149.97,2019-06-13,1,72283,CH,ASY,1b,M,LW,558,250,106,48,54.7,64.9,72,115.4,12.1,9.1,5.4
Alaska,Kenai Fjords,59.75,-149.97,2019-06-13,1,72282,PJ,ASY,"1a, 2a",F,LW,592,256,107,47,54.3,65.1,79.1,123.5,12.3,8.4,5.1
Alaska,Kenai Fjords,59.51,-150.56,2019-06-15,1,72289,CY,ASY,"1b, 1c",F,LW,641,242,100,43,52.6,62.8,77,120.4,12.3,8.7,4.8
Alaska,Kenai Fjords,59.51,-150.56,2019-06-15,1,72288,RU,ASY,1a,M,LW,560,238,97,43,50,59.5,68.6,119.6,11.6,8.1,5.05
Alaska,Kenai Fjords,59.38,-150.71,2019-06-16,1,72290,ER,TY,3c,F,LW,558,251,100,43,51.6,62.1,72,114,12.2,8.4,5.22
Alaska,Kenai Fjords,59.38,-150.71,2019-06-16,1,9181,PU,ASY,1c,M,LW,532,244,105,41,50.2,59.7,66.1,117.8,12,8.4,4.85
Alaska,Kenai Fjords,59.7,-149.73,2019-06-19,1,9184,RX,ASY,3a,F,LW,568,247,100,42,51.1,61.6,75.8,118.8,11.8,8.5,5.24
Alaska,Kenai Fjords,59.7,-149.73,2019-06-19,1,22045,T9,ASY,1b,M,LW,522,249,101,44,49.4,59,68.8,111.6,12.2,8.9,4.55
Alaska,Kenai Fjords,59.65,-149.82,2019-06-19,1,9182,NE,ASY,"2c, 3a",F,LW,607,255,98,45,54.4,65.5,75,119,12.3,10,5.42
Alaska,Kenai Fjords,59.65,-149.82,2019-06-19,1,9183,PY,ASY,1a,M,LW,538,255,105,43,49.8,59.6,69.8,112.3,11.8,8.9,5.45
Alaska,Kenai Fjords,59.91,-149.66,2019-06-20,1,9186,PC,ASY,"2a, 2b",M,LW,597,250,98,46,53.3,64.8,69.4,113.7,12.2,9,4.45
Alaska,Kenai Fjords,59.88,-149.67,2019-06-20,1,9185,EP,ASY,"2c, 3a",F,LW,664,252,103,47,54.5,64,77,121.8,12.8,9.5,4.33
Alaska,Kenai Fjords,59.88,-149.67,2019-06-20,1,22043,T7,ASY,1a,M,LW,567,249,103,43,51.5,60.5,70,111.4,11.3,7.9,4.65
Alaska,Kachemak Bay,59.48,-151.51,2019-06-25,1,9190,CE,ASY,3a,F,LW,593,262,109,45,53.6,64.4,76.9,120,12.6,8.5,4.8
Alaska,Kachemak Bay,59.48,-151.51,2019-06-25,1,9189,JH,ASY,"1b, 1c",M,LW,519,251,109,44,52.8,61.8,68.8,112.1,12,9.2,4.58
Alaska,Kachemak Bay,59.34,-151.8,2019-06-25,1,9187,NR,ASY,"1c, 2a",M,LW,538,249,95,44,49.4,59.7,69.8,113.8,12.2,8.7,4.5
Alaska,Kachemak Bay,59.34,-151.8,2019-06-25,1,9188,PE,TY,"3b, 3c",F,LW,604,247,102,46,53.9,65,78.1,124.5,12.4,8.7,4.4
Alaska,Kachemak Bay,59.54,-151.47,2019-06-26,1,9191,HC,ASY,"2a, 2c",M,LW,563,248,100,46,51.8,63.6,67.4,111.2,12.6,8.4,4.8
Alaska,Kachemak Bay,59.54,-151.47,2019-06-26,1,9193,KH,ASY,"2c, 3a",F,LW,559,259,110,49,55.4,66.4,79.3,122.6,12.2,9,4.7
Alaska,Kachemak Bay,59.54,-151.47,2019-06-26,1,9192,PN,ASY,3b,F,LW,559,251,100,47,50.8,64.4,71.3,114.4,12,8.45,4.9
Alaska,Kachemak Bay,59.54,-151.47,2019-06-26,1,9200,RP,ASY,"1c, 2a",M,LW,525,245,100,45,49.2,60.9,68.9,111.2,11.3,8.9,4.45
Alaska,Kachemak Bay,59.48,-151.52,2019-06-26,1,9195,NK,ASY,1b,M,LW,583,246,106,45,50,61,69.4,113.3,12.2,9.1,5.18
Alaska,Kachemak Bay,59.48,-151.52,2019-06-26,1,9194,PR,ASY,3a,F,LW,598,255,107,47,53.3,62,76.7,121,12.4,8.8,5.42
Alaska,Katmai,58.3,-154.2,2019-07-01,1,9196,G96,ASY,1b,M,LW,549,248,107,45,53,61.5,71.6,114.9,12.1,8.1,4.9
Alaska,Katmai,58.3,-154.2,2019-07-01,1,9197,G97,ASY,"1a, 1b",M,LW,548,250,100,42,49.9,59.5,69.3,112.4,12.2,8.3,4.93
Alaska,Katmai,58.3,-154.2,2019-07-01,1,9198,PH,ASY,3a,F,LW,602,249,113,44,52.5,63.3,75.5,117.3,12.2,9.2,4.6
Alaska,Katmai,58.26,-154.21,2019-07-03,1,16504,HK,ASY,"2c, 3a",F,LW,565,253,98,45,53.4,63.8,76.4,120.5,12.2,7.95,4.64
Alaska,Katmai,58.26,-154.2,2019-07-03,1,9199,NP,ASY,1c,M,LW,545,240,98,43,50.5,61.3,67.1,110.5,12.1,8.3,5.35
Alaska,Katmai,58.26,-154.21,2019-07-03,1,16503,NY,ASY,1a,M,LW,510,240,100,41,50.7,58.8,67.3,108.7,11.8,8.3,5.4
Alaska,Katmai,58.26,-154.2,2019-07-03,1,16502,RH,ASY,3a,F,LW,621,251,103,48,52.3,62.9,78.6,123.4,12.7,9.3,5.55
Alaska,Katmai,58.09,-154.51,2019-07-04,1,16505,G05,ASY,"2c, 3a",F,LW,598,246,102,45,53.6,64.1,80.2,122.5,12.1,8.6,4.7
Alaska,Katmai,58.09,-154.51,2019-07-04,1,16506,RN,ASY,1a,M,LW,557,241,101,45,50.6,59.8,73.5,116.4,12,8.8,4.4
Alaska,Katmai,58.07,-154.48,2019-07-05,1,16508,G08,ASY,1a,M,LW,586,248,108,50,54.6,64.7,69.4,116.2,12.5,8.6,5.1
Alaska,Katmai,58.07,-154.48,2019-07-05,1,16510,NC,ASY,1a,M,LW,580,251,99,45,52.6,62.1,70.5,114.8,13.5,8.8,5.5
Alaska,Katmai,58.07,-154.48,2019-07-05,1,16511,NN,ASY,3a,F,LW,565,240,111,42,52.4,62.3,79,124.3,12.3,8.9,5.7
Alaska,Katmai,58.07,-154.48,2019-07-05,1,16509,NX,ASY,3a,F,LW,580,248,98,45,54.6,64.8,78.3,120,12.8,9,5.75
Alaska,Katmai,58.16,-154.45,2019-07-06,1,16512,G11,ASY,1a,M,LW,531,246,102,43,51.4,59.5,72.7,115.9,12.1,9.3,5.15
Alaska,Katmai,58.44,-154.03,2019-07-07,1,16514,CN,ASY,1b,M,LW,566,240,109,45,53.9,62,71.4,113.2,11.7,8.4,5.15
Alaska,Katmai,58.44,-154.03,2019-07-07,1,16513,G13,ASY,3a,F,LW,612,242,105,45,54.2,62.1,76,119.6,12,8.7,4.9
Alaska,Katmai,58.44,-154.03,2019-07-07,1,16515,NH,ASY,1a,M,LW,576,235,103,45,51.2,61.2,68.6,111,12.3,9.5,5.4
British Columbia,Salish Sea,48.67,-123.36,2020-02-17,0,7008,J0,ASY,2c,F,LW,610,249,102,42,52.6,63.7,77.5,121.3,12.8,7.3,5.7
British Columbia,Salish Sea,48.8,-123.38,2020-02-18,0,7005,C0,ASY,3b,F,LW,595,252,110,45,56,67.6,81.8,127.7,12.6,7.7,6.3
British Columbia,Salish Sea,48.72,-123.37,2020-02-18,0,7006,A2,ASY,3b,F,LW,638,251,98,48,53.7,67.7,77.6,124,13.1,8.6,6.35
British Columbia,Salish Sea,48.72,-123.37,2020-02-18,0,7007,F8,ASY,"2a, 2b",M,LW,589,250,98,43,52.8,64.1,69.1,116.3,12.6,8.3,6.1
British Columbia,Salish Sea,48.8,-123.1,2020-02-19,0,7003,TJ,TY,3c,M,LW,610,245,101,45,52.5,64.8,75.1,118.7,,,
British Columbia,Salish Sea,48.8,-123.1,2020-02-19,0,7004,UK,ASY,"3a, 3b",F,LW,670,255,115,49,55.2,67,79.3,123.5,12.3,8.5,5.5
British Columbia,Salish Sea,48.82,-123.18,2020-02-20,0,7001,H5,ASY,3b,F,LW,585,253,105,45,54.5,65.9,76.1,119.9,11.8,9.1,5.1
British Columbia,Salish Sea,48.82,-123.18,2020-02-20,0,7002,XX,ASY,2b,M,LW,590,250,105,46,52.8,66.1,69.4,115.5,12.4,8.6,5.8
British Columbia,Salish Sea,48.76,-123.11,2020-02-20,0,7051,C1,ASY,3b,F,LW,605,256,105,49,55.4,65.6,72.9,116.6,12.5,9.3,6
British Columbia,Salish Sea,48.76,-123.11,2020-02-20,0,7052,J7,ASY,2a,M,LW,635,251,105,45,53.4,64.9,71.9,118,12.9,9.1,6.2
British Columbia,Pacific Rim,48.86,-125.16,2020-03-02,0,6055,J2,ASY,,M,LW,,,,,50.5,62.5,71.3,,,,
British Columbia,Pacific Rim,48.86,-125.16,2020-03-02,0,7053,TT,ASY,"2a, 2b",M,LW,565,251,104,45,54.3,64.5,75.2,118,12.4,8.6,5.3
British Columbia,Pacific Rim,49.07,-125.78,2020-03-05,0,7905,NT,TY,3c,F,LW,580,250,102,49,57.3,68,75.3,121,13.2,8.5,5.5
British Columbia,Salish Sea,49.44,-123.72,2020-03-17,0,17056,E5,SY,3c,F,LW,565,254,100,46,55.2,64.7,76.5,121.5,11.9,8.7,4.73
British Columbia,Salish Sea,49.44,-123.72,2020-03-17,0,7057,TP,SY,3c,F,LW,525,248,92,44,55.8,66.5,72.8,114.6,11.4,7.8,5.5
British Columbia,Salish Sea,49.44,-123.72,2020-03-17,0,7058,XR,SY,3c,M,LW,570,246,95,45,54.9,63.9,69,114.2,12.6,9.5,5.09
British Columbia,Salish Sea,49.44,-123.72,2020-03-19,0,7059,C9,SY,3c,M,LW,555,243,95,44,52.1,61.5,68.5,110.7,11.9,8.3,4.3
British Columbia,Salish Sea,49.44,-123.72,2020-03-19,0,7060,UR,TY,3c,M,LW,545,248,94,44,51.7,63.2,74.5,118.2,11.8,8.1,4.31
British Columbia,Salish Sea,49.44,-123.72,2020-03-19,0,7061,XP,ASY,3b,F,LW,580,248,100,45,53.5,64.9,79.6,123.9,12.1,8.6,5.5
Alaska,Kenai Fjords,59.8763,-149.66571,2020-06-19,1,16516,F6,ASY,2b,F,BR,593,245,104,45,52,65,83,124,,14,5.1
Alaska,Kenai Fjords,59.85634,-149.63501,2020-06-20,1,16519,A6,ASY,2c,F,BR,533,239,97,39,48.2,60.3,75.3,116.9,13.5,12.5,4.7
Alaska,Kenai Fjords,59.82596,-149.6501,2020-06-20,1,16517,UP,ASY,1a/1b,M,BR,528,242,102,45,52,64,68.6,110.9,13.3,12.1,5.7
Alaska,Kenai Fjords,59.82486,-149.6429,2020-06-20,1,16518,UJ,ASY,1c/2a,F,BR,557,259,103,45,54,63,73.5,117.2,14.3,12.9,5.5
Alaska,Kenai Fjords,59.84993,-149.65991,2020-06-21,1,72281,RT,ASY,3a,F,BR,634,250,107,42,53.49,62.39,74.3,119.59,14.39,13.4,3.99
Alaska,Kenai Fjords,59.82498,-149.64336,2020-06-21,1,9179,PX,ASY,1b,M,BR,529,238,100,46,52.5,63.5,70.5,112.5,13.7,12.2,5
Alaska,Kenai Fjords,59.77617,-150.04131,2020-06-22,1,72284,NT,ASY,1c,M,BR,596,248,100,40,49.8,59,69.7,137,14.4,11.9,5.11
Alaska,Kenai Fjords,59.77617,-150.04131,2020-06-22,1,72285,RR,ASY,2b/2c,F,BR,541,248,104,42,51.7,59.8,73.9,115.9,14,11.7,4.96
Alaska,Kenai Fjords,59.6519,-149.81883,2020-06-22,1,16520,J8,ASY,3a,F,BR,600,251,110,45,53.31,66.79,73.5,119.71,14.3,14.21,5.4
Alaska,Kenai Fjords,59.6519,-149.81883,2020-06-22,1,9183,PY,ASY,1a,M,BR,517,250,108,44,50.45,61.85,68.6,110.3,14.3,12.89,5.85
Alaska,W Prince William Sound,60.35433,-147.83501,2020-07-04,1,16521,E3,ASY,3c,F,BR,553,248,100,40,51.4,65.5,73.2,115.5,13.62,12.51,5.28
Alaska,W Prince William Sound,60.35433,-147.83501,2020-07-04,1,9174,KU,ASY,1a,M,BR,555,240,100,44,49.72,59.69,69.9,116.4,14.21,13.12,4.71
Alaska,W Prince William Sound,60.34198,-147.8727,2020-07-04,1,9169,RY,ASY,2c,F,BR,596,240,103,46,56.6,63,73.2,120,13.21,11.91,4.7
Alaska,W Prince William Sound,60.14763,-147.98038,2020-07-05,1,16522,H9,ASY,3c,F,BR,598,248,108,42,53.9,63.5,75.4,120.7,14.35,13.15,5.51
Alaska,W Prince William Sound,59.92848,-148.078,2020-07-06,1,9149,EY,ASY,3a,M,BR,502,235,96,40,47.1,59.1,64.6,107.7,13.7,12.8,4.72
Alaska,W Prince William Sound,60.40265,-147.6488,2020-07-07,1,16523,XK,ASY,2b,F,BR,542,242,102,44,54.1,65.7,74.5,119.7,13.9,12.9,4.81
Alaska,Kachemak Bay,59.53968,-151.47089,2020-07-14,1,9192,PN,ASY,3b/3c,F,BR,560,243,103,40,53.6,65.5,,114,14.17,12.6,5.21
Alaska,Kachemak Bay,59.53968,-151.47089,2020-07-14,1,16524,UE,ASY,,F,BR,567,239,,,,,,,,,
Alaska,Kachemak Bay,59.47918,-151.50862,2020-07-15,1,9189,JH,ASY,1b,M,BR,570,245,98,41,54.3,63.5,66.1,113.2,13.5,12.9,4.82
Alaska,Kachemak Bay,59.4174,-151.70868,2020-07-17,1,16525,F2,ASY,1c,M,BR,596,248,96,44,55.3,62.9,76.2,118.7,,14,5.4
Alaska,Kenai Fjords,59.77264,-150.04896,2021-05-14,1,16526,XU,ASY,"2a, 2b",F,CR,651,252,101,42,48.5,62,74.3,118.7,13.5,10.3,6.4
Alaska,Kenai Fjords,59.41845,-150.63826,2021-06-22,1,16533,H6,ASY,3a,F,CR,595,272,,44,52,54.3,74.4,116,13,9,5.19
Alaska,Kenai Fjords,59.41845,-150.63826,2021-06-22,1,16534,XE,ASY,1a,M,CR,543,258,108,46,54.7,57,70.7,113.4,12.6,8.9,4.25
Alaska,Kenai Fjords,59.37707,-150.71178,2021-06-22,1,16532,C2,ASY,"1a,1b",M,CR,559,237,104,45,53.4,64.5,67.3,114,12.6,8.6,5.24
Alaska,Kenai Fjords,59.76971,-150.05769,2021-06-26,1,16535,C4,ASY,3b,F,CR,685,256,102,46,52.2,66.7,75.6,119.6,12.6,8.4,4.86
Alaska,Kenai Fjords,59.87954,-149.74071,2021-06-28,1,26184,E0,ASY,3b,F,CR,602,252,108,48,54.4,58.2,75.5,118.5,13.3,9,4.5
Alaska,Kenai Fjords,59.87954,-149.74071,2021-06-28,1,16536,XH,ASY,"1c,2a",M,CR,597,240,109,42,52,58.6,70.3,113.8,13,9.3,4.7
Alaska,Katmai,58.30462,-154.19632,2021-07-05,1,16528,F5,ASY,3a,F,CR,555,242,113,44,53.3,58.2,74,115.1,13.3,8.7,3.3
Alaska,Katmai,58.30462,-154.19632,2021-07-05,1,9197,TH,ASY,1b,M,CR,535,243,110,40,52.4,54.2,69.3,112.7,12.5,7.4,4.7
Alaska,Katmai,58.30462,-154.19632,2021-07-05,1,16527,UH,ASY,2a,F,CR,615,250,104,46,55,61.5,79.8,123.6,13.1,10.2,4.4
Alaska,Katmai,58.304132,-154.195302,2021-07-06,1,16529,A9,ASY,3a,F,CR,525,260,105,42,52,64.3,76.9,117.7,12.5,9,6
Alaska,Katmai,58.304132,-154.195302,2021-07-06,1,9196,E7,ASY,1a/1b,M,CR,535,253,106,41,54.6,69.1,71.1,112.4,12.6,8.1,4.6
Alaska,Katmai,58.26117,-154.21503,2021-07-07,1,16504,HK,ASY,2a/2c,F,CR,565,256,106,45,54.7,65.5,71.5,119,12.6,8.3,4.5
Alaska,Katmai,58.25608,-154.20354,2021-07-07,1,16537,UC,ASY,1c,M,CR,525,250,98,43,55.7,63.1,66,110.4,12.9,8.1,5
Alaska,Katmai,58.09096,-154.50888,2021-07-09,1,16531,TX,ASY,,M,CR,,,,,,,,,,,
Alaska,Katmai,58.09107,-154.50896,2021-07-10,1,16505,J6,ASY,2c/3a,F,CR,567,280,108,43,55.7,64.6,77.4,119.3,13,8.1,4.6
Alaska,Katmai,58.07223,-154.47928,2021-07-10,1,16538,A7,ASY,3a,F,CR,575,251,109,45,56.9,61.6,79.6,124.1,13.9,8.5,4.9
Alaska,Katmai,58.16449,-154.44583,2021-07-11,1,16512,H7,ASY,1b,M,CR,500,239,101,41,52.4,58.1,70.8,114.7,13.3,9.6,4.1
Alaska,Katmai,58.16449,-154.44583,2021-07-11,1,16509,NX,ASY,2c/3a,F,CR,555,251,111,44,53.3,69.7,76.8,120,12.8,9,4.6
Alaska,Katmai,58.441582,-154.027872,2021-07-13,1,16539,F7,ASY,3a,F,CR,637,266,,46,54,64,76,123,13.3,9,4.1
Alaska,Katmai,58.441582,-154.027872,2021-07-13,1,16540,J5,ASY,1a/1b,M,CR,555,248,95,43,52.1,57.8,67,112.3,13,8.6,4.4
British Columbia,Haida Gwaii,53.231556,-132.162803,2021-07-13,1,7062,A1,ASY,2b,M,HR,635,255,102,43,54.5,66.6,73.7,117.6,13.4,7.7,4.6
British Columbia,Haida Gwaii,53.231556,-132.162803,2021-07-13,1,7063,F9,ASY,1a,M,HR,565,250,99,43,51.5,57.6,66.2,109,12.7,7.1,5
British Columbia,Haida Gwaii,53.231556,-132.162803,2021-07-13,1,7064,H3,ASY,2a,F,HR,560,245,96,45,54.4,57.1,78.1,121.5,12.6,7.2,5.4
Alaska,Katmai,58.5544,-153.72987,2021-07-14,1,16543,H0,ASY,1b/1c,M,CR,,236,102,41,48.5,56,65.7,109.4,13,8.8,4.39
Alaska,Katmai,58.5544,-153.72987,2021-07-14,1,16542,TN,ASY,1a/1b,M,CR,,245,,44,49.7,60.2,64.9,109.5,14.2,8.4,3.6
Alaska,Katmai,58.5544,-153.72987,2021-07-14,1,16541,XJ,ASY,3a/3b,F,CR,565,256,104,40,49,57.4,74.2,114.4,13.1,8,4.8
British Columbia,Haida Gwaii,53.214718,-132.006279,2021-07-14,1,6941,TR,ASY,"2c, 3a",M,HR,620,252,108,41,52.6,58.9,74.1,119.1,14.1,9.4,5.5
British Columbia,Haida Gwaii,53.2105184,-131.9905578,2021-07-14,1,1052,F0,ASY,"1a, 1b",M,HR,575,249,95,44,52.7,59.9,70.6,114.3,13.4,8.9,6.1
British Columbia,Haida Gwaii,53.2105184,-131.9905578,2021-07-14,1,1053,F1,ASY,"3a, 3b",F,HR,580,247,100,45,54.3,63.5,74.9,121.5,12.1,7.6,5.4
British Columbia,Haida Gwaii,53.2105184,-131.9905578,2021-07-14,1,1054,UN,ASY,"1b, 1c",M,HR,500,244,94,45,51.1,58.7,68.6,111.6,11.7,7.6,5.3
British Columbia,Haida Gwaii,53.2105184,-131.9905578,2021-07-14,1,7065,XY,ASY,"3a, 3b",F,HR,535,248,95,45,53.5,61.4,77.1,120.9,,7.9,5.8
British Columbia,Haida Gwaii,53.231556,-132.162803,2021-07-15,1,1055,UY,ASY,"3a, 3b",F,HR,615,253,100,42,54.8,64,84,129.5,12.5,9,4.9
British Columbia,Haida Gwaii,53.231556,-132.162803,2021-07-15,1,1055,XT,ASY,"2c, 3a",F,HR,595,257,99,40,51.6,61.1,76.5,122.6,12.5,8.5,5
British Columbia,Haida Gwaii,53.21,-132.24,2021-07-18,1,1057,TK,ASY,1c-2a,M,HR,540,244,91,42,50.6,61.6,71.8,113.9,11.5,7.9,5.1
British Columbia,Pacific Rim,48.89,-125.3,2021-07-27,1,1059,A0,ASY,"2a, 2b",M,HR,605,240,99,42,56.5,63,71.6,116.1,13.6,9.2,5.6
British Columbia,Pacific Rim,48.89,-125.3,2021-07-27,1,1058,E6,ASY,"1c (L), 2b (R)",M,HR,580,242,98,44,53.4,62.4,69.5,113.8,12.7,8.4,5.6
British Columbia,Pacific Rim,48.89,-125.3,2021-07-27,1,1060,UT,ASY,"2c, 3a",F,HR,600,256,98,43,54,63.6,80,125,12.9,8.5,6.3
British Columbia,Pacific Rim,48.89,-125.3,2021-07-28,1,1061,H8,ASY,"2a, 2b",M,HR,565,251,107,43,53.2,61.2,74.8,119.6,12.7,8.2,5.2
British Columbia,Pacific Rim,48.89,-125.3,2021-07-28,1,1063,UU,ASY,"3b, 3c",F,HR,575,249,100,43,56.4,65.3,78.6,119.8,12.6,7.9,4.8
British Columbia,Pacific Rim,48.89,-125.3,2021-07-28,1,1062,XN,ASY,3b,F,HR,650,252,100,45,59.6,66,78.4,122.9,12.7,8.5,5.2
British Columbia,Pacific Rim,48.86,-125.16,2021-07-29,1,1067,C6,ASY,"1c, 2a",M,HR,555,240,95,41,53.4,61,71.5,114.1,12.1,9.3,5.8
British Columbia,Pacific Rim,48.86,-125.16,2021-07-29,1,1064,F3,ASY,3a,F,HR,595,249,102,42,55.5,65.9,79.1,124.8,14.1,9.2,6.1
British Columbia,Pacific Rim,48.86,-125.16,2021-07-29,1,1065,H4,ASY,"3a, 3b",F,HR,605,255,99,47,55.2,61.8,77.6,121.5,13,9,5.2
British Columbia,Pacific Rim,48.86,-125.16,2021-07-29,1,1066,UA,ASY,1c,M,HR,555,235,90,42,52.8,65.1,71.9,114.9,12.9,8.6,5
British Columbia,Salish Sea,48.694443,-123.333148,2021-08-04,1,1072,C8,ASY,3b,F,HR,,245,102,45,56.5,62.3,75.1,120.2,12.1,8.2,5.6
British Columbia,Salish Sea,48.694443,-123.333148,2021-08-04,1,1073,E4,ASY,"1b, 1c",M,HR,640,243,99,43,54.9,61.7,68.6,111.6,12.2,8.2,5.9
British Columbia,Salish Sea,48.694443,-123.333148,2021-08-04,1,1071,H1,ASY,"2c, 3a",M,HR,620,246,95,42,51.7,60.5,67.1,111.7,12.7,8.2,5.5
British Columbia,Salish Sea,48.694443,-123.333148,2021-08-04,1,1070,J4,ASY,"3a, 3b",F,HR,700,254,105,45,58.7,65.9,79.6,124.1,13.3,8.9,5.5
British Columbia,Salish Sea,48.694443,-123.333148,2021-08-04,1,1069,TC,ASY,"1c, 2a",M,HR,625,240,96,44,53.9,62.4,70.4,115,11.9,8.6,5.4
British Columbia,Salish Sea,48.694443,-123.333148,2021-08-04,1,1068,UX,ASY,"1c, 2a",F,HR,600,252,104,46,55.2,69,81.9,126.9,12.9,9.5,5.3
British Columbia,Salish Sea,48.8,-123.38,2021-08-05,1,7066,TE,ASY,"2b, 2c",M,HR,520,244,98,46,52.8,61.9,68.2,111.9,12.7,8,5.4
British Columbia,Salish Sea,48.72,-123.37,2021-08-05,1,1074,E8,ASY,1b,M,HR,550,245,97,42,54.9,62.4,68.8,113.1,12.3,8.7,6
British Columbia,Salish Sea,48.72,-123.37,2021-08-05,1,1075,F4,ASY,3b,F,HR,635,258,102,45,55.6,68,79.5,125.7,12.7,7.9,6.4
British Columbia,Salish Sea,48.76,-123.11,2021-08-06,1,1076,A5,ASY,1c,M,HR,560,245,101,45,52.4,61.5,74.6,121.1,13.1,8.8,5.1
British Columbia,Salish Sea,48.694443,-123.333148,2021-08-07,1,1078,J9,ASY,2,M,HR,600,250,100,43,55.5,63.7,71.9,115.7,13.2,8.5,5.9
British Columbia,Salish Sea,48.694443,-123.333148,2021-08-07,1,7067,TU,ASY,"1c, 2a",M,HR,540,242,100,43,56.2,64,68.3,110.5,12.3,7.9,5.4
British Columbia,Salish Sea,48.694443,-123.333148,2021-08-07,1,1077,XC,ASY,"1c, 2a",M,HR,555,240,98,41,52.2,64.5,74.4,117.8,12.8,9.1,5
British Columbia,Pacific Rim,48.89,-125.3,2022-05-19,1,7068,E1,ASY,"1a, 2a",M,MM,575,238,97,45,61.3,53.2,68.9,,13.9,12,6.1
British Columbia,Pacific Rim,48.86,-125.16,2022-05-20,1,7073,C3,ASY,2a,M,MM,555,239,97,45,48.3,57.9,70.6,,13.7,13.5,5
British Columbia,Pacific Rim,48.86,-125.16,2022-05-20,1,7074,J3,ASY,3b,F,MM,555,245,99,44,55.1,64.3,76,,13.6,13.1,6.1
British Columbia,Pacific Rim,48.86,-125.16,2022-05-21,1,7072,J1,ASY,2a,M,MM,585,245,100,44,58.5,62.3,74.1,,12.8,11.9,5.2
British Columbia,Pacific Rim,48.954649,-125.373024,2022-05-29,1,7071,H2,ASY,3b,F,MM,610,263,99,47,58.4,63.5,76.2,,14.4,11.5,5.3
British Columbia,Pacific Rim,48.86,-125.16,2022-05-31,1,1079,AA,ASY,"2a, 1c",M,MM,550,251,102,48,55.7,60,73.8,,13.6,12.8,5.4
British Columbia,Pacific Rim,48.86,-125.16,2022-05-31,1,7069,E2,ASY,"2a, 2c",M,MM,605,247,105,46,53.2,61.8,70.7,,14,14.2,5.8
British Columbia,Pacific Rim,48.86,-125.16,2022-05-31,1,7070,E9,ASY,"2a, 2b",F,MM,660,253,101,47,56.8,57,77.5,,13.6,12.6,5.1
British Columbia,Salish Sea,48.8,-123.1,2022-05-31,1,7004,UK,ASY,2c/3a,F,HR,,261,115,47,55.6,65.6,78.1,123.8,12.3,8.6,5.4
British Columbia,Pacific Rim,48.89,-125.3,2022-06-08,1,1080,L1,ASY,1c,M,MM,525,248,107,44,54.6,53.4,72.6,,13.4,12.2,5.5
British Columbia,Pacific Rim,48.89,-125.3,2022-06-08,1,1093,LK,ASY,2a,M,MM,575,246,100,47,56.4,60.2,73,,14,13,5.8
Alaska,Kenai Fjords,59.41927,-150.64326,2022-06-13,1,16545,TA,ASY,1c,M,BR,502,228,89,43,50.9,61.9,64,108.1,12.2,7.9,4.2
Alaska,Kachemak Bay,59.38746,-150.71457,2022-06-13,1,16546,A4,ASY,1b,M,BR,516,243,94,43,49.7,59.5,66.2,109.4,12.2,9.7,4.8
Alaska,Kenai Fjords,59.77702,-150.04219,2022-06-17,1,16548,C5,ASY,2b,F,BR,635,255,96,41,54.1,67,75.9,121.1,12.4,8.9,4.4
Alaska,Kachemak Bay,59.76972,-150.05727,2022-06-17,1,16547,A3,ASY,1b,M,BR,588,237,80,43,52,64.3,68.5,112.3,13.4,8.7,5.3
Alaska,Kenai Fjords,59.76972,-150.05727,2022-06-17,1,16535,C4,ASY,3b,F,BR,676,251,100,46,54.6,66.1,75.9,120.2,12.6,8.1,5
Alaska,Kenai Fjords,59.76972,-150.05727,2022-06-17,1,72287,HR,ASY,1b,M,BR,551,248,92,41,51.9,63.4,67.8,112.4,12.1,8.6,5.2
Alaska,Kenai Fjords,59.87674,-149.66516,2022-06-18,1,16549,XA,ASY,3c,F,BR,577,255,88,41,52.7,65.1,73.5,118.6,12.4,8.9,3.9
Alaska,Kenai Fjords,59.88069,-149.72324,2022-06-19,1,16552,M1,ASY,"1c,2a",M,BR,592,248,100,45,53.7,63.4,69.9,114,12.5,9.2,4.1
Alaska,Kenai Fjords,59.88069,-149.72324,2022-06-19,1,16551,P2,ASY,3c,F,BR,596,254,101,43,51.7,63.3,73.2,116.4,12,8.5,4.65
Alaska,Kenai Fjords,59.87959,-149.74079,2022-06-19,1,16550,L7,ASY,2c,F,BR,628,245,102,44,55,65.1,78.5,122.5,,,
Alaska,Kenai Fjords,59.87959,-149.74074,2022-06-19,1,16536,XH,ASY,1b,M,BR,553,237,102,43,53.6,61.8,70.8,113.8,12.3,9.6,4
Alaska,Kenai Fjords,59.73021,-149.92386,2022-06-20,1,16553,AC,ASY,2c,F,BR,604,255,100,44,54.8,66.3,73.5,118.5,12.7,9.3,4.4
Alaska,Haida Gwaii,59.73021,-149.92386,2022-06-20,1,16554,Y1,ASY,1c,M,BR,561,236,95,42,50.2,61.2,70.4,114,13.7,9,3.9
British Columbia,Pacific Rim,48.93,-125.38,2022-06-20,1,1089,M2,ASY,"3a, 3b",F,HR,520,250,105,42,52.2,62.4,78.3,120.1,12.2,7.8,5.5
British Columbia,Pacific Rim,48.93,-125.38,2022-06-20,1,1089,M2,ASY,3a/3b,F,MM,520,250,105,44,52.2,62.4,78.3,120.1,12.2,7.8,5.5
British Columbia,Pacific Rim,48.93,-125.38,2022-06-20,1,1091,P3,ASY,1b,M,JK,570,250,102,44,54.8,61,72.8,116,13,9,5.7
British Columbia,Pacific Rim,48.93,-125.38,2022-06-20,1,1091,P3,ASY,1b,M,HR,570,250,102,44,54.8,61,72.8,116,13,9,5.7
British Columbia,Pacific Rim,48.93,-125.38,2022-06-20,1,1086,U4,ASY,1/1b,M,HR,500,241,98,45,52.7,58.1,71.4,114.4,12.7,8.9,5.8
British Columbia,Pacific Rim,48.93,-125.38,2022-06-20,1,1092,Y5,ASY,2a/2b,F,HR,580,250,108,43,53.7,61.6,81.9,121.5,12.5,8,6.5
British Columbia,Pacific Rim,48.89,-125.3,2022-06-22,1,1088,YY,ASY,,F,MM,630,251,100,46,52,63.1,80.2,,13.9,13.5,4.7
British Columbia,Pacific Rim,48.86,-125.16,2022-06-24,1,7977,LR,ASY,"3b, 3c",F,MM,720,259,110,46,56.7,65.6,86.8,130,12.5,8.8,3.5
British Columbia,Pacific Rim,48.86,-125.16,2022-06-24,1,1094,MC,ASY,"1b, 1c",M,HR,540,241,94,41,59,58,67.7,112.2,11.8,7.9,3.5
British Columbia,Pacific Rim,48.86,-125.16,2022-06-24,1,1095,Y7,ASY,2a,M,HR,555,242,95,43,51.3,57.1,71.5,114,12.9,7.9,5.6
Alaska,Kachemak Bay,59.4792,-151.50867,2022-06-30,1,4603,M9,ASY,3b,F,CR,555,251,100,44,56.5,61.8,78.6,122.4,13.6,7.8,4.8
British Columbia,Haida Gwaii,52.96,-131.6,2022-07-02,1,6978,LT,ASY,1c,M,HR,,,,,,,71.8,,,,
British Columbia,Haida Gwaii,52.96,-131.58,2022-07-02,1,1096,ME,ASY,3a,F,HR,650,255,101,42,53.2,58.9,77.2,123.2,14,8.1,6
British Columbia,Haida Gwaii,52.96,-131.58,2022-07-02,1,1097,P9,ASY,"1a,1b",M,HR,635,252,107,45,54.1,61.8,71,116.1,14.3,8.2,6.9
British Columbia,Haida Gwaii,52.95,-131.55,2022-07-02,1,7075,MA,ASY,"3a,3b",F,HR,540,246,100,42,52.9,58,72.2,115.7,12.4,7.5,5.9
British Columbia,Haida Gwaii,52.95,-131.55,2022-07-02,1,1098,Y2,ASY,"1c,1b",M,JK,560,251,106,45,56.1,64.4,70.6,116.8,12.8,8.1,5
British Columbia,Haida Gwaii,52.89,-131.58,2022-07-02,1,60038,L8,ASY,"1a,2c",M,HR,545,251,98,46,59,,74.2,116.8,13.6,9.1,6.1
British Columbia,Haida Gwaii,52.87,-131.5,2022-07-02,1,1100,P6,ASY,2c,F,HR,580,256,96,45,53.8,61,79.9,113.7,13.2,9.2,6.7
British Columbia,Haida Gwaii,52.87,-131.5,2022-07-02,1,1099,Y0,ASY,1b,M,HR,520,247,100,45,50.4,56.6,73.5,116.8,12.6,8.1,6
British Columbia,Haida Gwaii,52.91,-131.54,2022-07-03,1,61751,Y3,ASY,"3a,3b",F,HR,555,253,103,47,52.7,61.1,76.1,119.6,12.9,8.2,6.4
British Columbia,Haida Gwaii,52.86,-131.53,2022-07-03,1,20168,LH,ASY,2b,F,HR,530,248,99,46,53.2,62,79.1,120.8,13.1,8.7,6
British Columbia,Haida Gwaii,52.86,-131.53,2022-07-03,1,7078,MJ,ASY,"1b,1a",M,HR,520,258,102,44,52.8,57.9,73.6,116,13.1,9,5.6
British Columbia,Haida Gwaii,52.91,-131.62,2022-07-04,1,61752,LU,ASY,2c,F,JK,540,251,102,40,52,60.7,74.1,117.8,13.1,9,5.9
British Columbia,Haida Gwaii,52.91,-131.62,2022-07-04,1,7079,MY,ASY,1c,M,JK,,258,101,46,51.7,61.4,69.6,114.4,13.8,9.1,5.9
British Columbia,Haida Gwaii,52.95,-131.57,2022-07-05,1,61753,M0,ASY,"1b, 1c",M,JK,560,245,100,45,55.9,64.8,75,119.6,13.5,10,5.8
British Columbia,Haida Gwaii,52.95,-131.57,2022-07-05,1,61754,P4,ASY,3b,F,HR,570,253,103,45,51.3,64.9,74,118.3,13.5,8.2,6.4
British Columbia,Haida Gwaii,52.88,-131.5,2022-07-06,1,61756,L5,ASY,3a,F,JK,560,259,102,47,56.5,64,79.4,126.2,14.2,9.2,5.5
British Columbia,Haida Gwaii,52.88,-131.5,2022-07-06,1,61755,P0,ASY,"2b,1c",M,JK,540,250,99,45,55,63.7,69.6,114.3,13,7.5,6.1
British Columbia,Haida Gwaii,,,2022-07-11,1,7022,KA,ASY,"3a,3c",F,HR,580,255,107,45,54.1,62.2,80.6,125.7,12.9,8.8,5
Alaska,Katmai,58.5544,-153.72987,2022-07-13,1,4556,MP,ASY,"2a,1a",M,CR,562,237,100,41,50.9,56.6,66.1,109.6,13,8.9,5.4
British Columbia,Haida Gwaii,53.21,-132.24,2022-07-13,1,7090,L3,ASY,3b,F,HR,570,250,101,45,54.1,64.1,75.4,119.8,12.4,8.1,5.1
British Columbia,Haida Gwaii,53.21,-132.24,2022-07-13,1,61758,M7,ASY,"2c, 3a",M,JK,550,251,101,43,51.5,60.2,71.5,115.6,12,7.9,5.4
British Columbia,Haida Gwaii,53.21,-132.24,2022-07-13,1,1057,TK,ASY,1c,M,JK,495,248,,44,50.5,61.4,71.3,115,11.8,8.4,5.3
British Columbia,Haida Gwaii,53.21,-132.24,2022-07-13,1,61757,Y8,ASY,"2c, 3a",F,JK,560,255,104,45,53.8,62.5,80.1,123,11.7,7.9,5.3
Alaska,Katmai,58.31166,-154.27196,2022-07-14,1,4552,L9,ASY,1a,M,CR,595,261,98,47,54.7,64,69.8,113,13.2,10.5,4.5
Alaska,Katmai,58.31166,-154.27196,2022-07-14,1,4553,P8,ASY,3c,F,CR,532,259,102,41,56.1,63.1,72.3,114.5,12.4,8.6,5.2
British Columbia,Haida Gwaii,53.24,-132.07,2022-07-15,1,7091,AH,ASY,2a,M,HR,570,260,107,44,51.5,59.3,71.4,114.9,12.4,8.6,5.3
British Columbia,Haida Gwaii,53.24,-132.07,2022-07-15,1,35704,U6,ASY,2a,F,HR,585,257,98,,53.9,62.9,74.4,117.3,12.8,8.6,5.7
Alaska,Katmai,58.07207,-154.48019,2022-07-16,1,16538,A7,ASY,"3b,3c",F,CR,577,251,105,45,55.5,64.2,78.2,124.9,14.3,9,5.4
Alaska,Katmai,58.07207,-154.48019,2022-07-16,1,16508,G08,ASY,1a,M,CR,567,255,102,44,,,68.1,114.5,12.4,8.1,5.4
Alaska,Katmai,58.06739,-154.4622,2022-07-17,1,4554,MU,ASY,2c,M,CR,537,245,92,43,54,62,66.2,107.5,12,8,5.3
Alaska,Katmai,58.06739,-154.4622,2022-07-18,1,4555,P7,ASY,"3c,3b",F,CR,582,247,96,44,54.2,64.3,73.4,118.9,12.4,8.1,5.9
Alaska,Katmai,58.25608,-154.20362,2022-07-19,1,16502,RH,ASY,3a,F,CR,593,259,104,46,54.1,66.7,,122.5,13.9,9.9,5
